rank,uid,username,type
1,8668075,Negativeday单推版,总督
2,1430567,Mayoi0v0,总督
3,3546568349190684,peach好吃,总督
4,3863280,月亮掉进井里啦,总督
5,50371474,账号已注销,提督
6,1718999,チェリーぴよ,提督
7,4691031,如花似君,提督
8,2103201,噜噜露露lulu猪,提督
9,23364462,luluのbochi,提督
10,137909049,Arthurceアーサー,提督
11,197297,满足,提督
12,438677,ルルカ,提督
13,844701,身上有lu的香水味_香水,提督
14,405213828,夏忆Smile,提督
15,13490987,雫るる的maro,提督
16,554248025,階段を上るふみこ,提督
17,10107894,时间的陈迹,提督
18,12695530,AbsintheIC,提督
19,19289115,NyaAoi,提督
20,3841380,suleizc,提督
21,468341,水守Payne,提督
22,8339343,麻衣さん最高です,提督
23,12889974,凝如实,提督
24,54043,肉_汁,提督
25,1800983,Veritas21,提督
26,251075309,艺术诗人阿克曼,提督
27,527868,MIDORIガチ,提督
28,386584259,AqukinMaster,提督
29,438662737,涅梅西斯_4847,提督
30,335316784,总是被るる无视,提督
31,2269028,波波波波羊,提督
32,6370097,执事只是挚食芝士,提督
33,111868,SayakaS,提督
34,7605,單调-多彩,提督
35,23552934,妃子依笑Studio,提督
36,2991831,三井寿头,提督
37,25101519,想水的鱼,提督
38,66758611,假笑保护伞,提督
39,4042688,水煮肉片饭饭饭,提督
40,28168725,秋鱼_0へ0,提督
41,3121889,BP王,提督
42,1534878,酱油窝蹲,提督
43,228952217,希望你开心雫,提督
44,12175462,矸小亓,提督
45,176591887,雨帝降雨,提督
46,86002678,随便起一个就好了啊,提督
47,384612754,懒裤裆の张哥,提督
48,23538831,发条不灵,提督
49,22982722,巴御前は俺の嫁,提督
50,375143185,就当作是寂寞,提督
51,39554268,AdSparkling,提督
52,56515354,柒七漆七,提督
53,680269,绯红の破晓,提督
54,6414823,雫塔莎罗斯托娃,提督
55,28527491,火星上的小小白,提督
56,34437835,ちゃぶ多㥁楽,提督
57,57085280,第三方发现,提督
58,170253411,我的爱一文不值,提督
59,383265086,烈火挖掘机,提督
60,2289607,Darkness-TX,提督
61,217410,比那名居小江,提督
62,38189668,ニアnya,提督
63,15401154,ioal-zx,提督
64,247559680,忘记过去zz,提督
65,8174622,るる超爱拉面,提督
66,3085170,江户小龟,提督
67,14362424,OGC123,提督
68,23846838,ysliang,提督
69,591332433,WangRZ0v0,提督
70,282795081,晚非桑榆,提督
71,40405308,城市里的异乡人,提督
72,3546383644625132,里奧梅南,提督
73,115660,蔺无双双双双双,舰长
74,7226859,南雍雪境,舰长
75,297899,大富豪貧民,舰长
76,457388376,姆q老师,舰长
77,25893271,蛤蟆小金_,舰长
78,49387718,鱼雨晴_,舰长
79,431385327,账号已注销,舰长
80,72328233,三玖丨三玖,舰长
81,427772,忍者猫,舰长
82,490825372,桐楠柯,舰长
83,3464517,西村有狗子,舰长
84,3494359815162159,須河原晶,舰长
85,2022280525,lulu衿天喝明前雫莉,舰长
86,2267307,哆啦贡荡斯,舰长
87,258991556,拿着小锤敲坏蛋,舰长
88,85163,摸鱼丸,舰长
89,143641,御意见无用-,舰长
90,160,博丽灵梦,舰长
91,663719,K1rin_,舰长
92,17052827,諏訪丶丶ミジュマル,舰长
93,3158731,一只无聊的打工人,舰长
94,1113205,这里是小九喵,舰长
95,12197950,hun害怕,舰长
96,7920069,快丨好吗,舰长
97,14988107,肥奥-胖兰度,舰长
98,300215,雫lu豆,舰长
99,192476553,OSIRIS_REX,舰长
100,314345,微风如晨,舰长
101,1810032,直美MJきびつい,舰长
102,2229984,境界上のホライゾン,舰长
103,28939986,后工业艺术,舰长
104,26597121,努力挣钱的jill,舰长
105,298253987,Maro_OfficiaI,舰长
106,278120467,绫的可能性,舰长
107,96871707,我的lu宝_是风动,舰长
108,14007275,霸啦霸霸霸,舰长
109,61350,妖妖の梦,舰长
110,2148613,豆沙豆浆,舰长
111,23936896,冰云__,舰长
112,3743109,794wu,舰长
113,348834127,俾格易尔,舰长
114,21574091,舐魂kq,舰长
115,505775,捡垃圾的sawa,舰长
116,7269079,文若兮,舰长
117,20109683,一只潜水鸡,舰长
118,17626083,一只迎春花,舰长
119,378951,亦無忧,舰长
120,520026907,平穹亥咕呱QAQ,舰长
121,370130953,石琳君,舰长
122,1627303,oxygen_lulu,舰长
123,67692415,ひたちまこYC,舰长
124,2122210,DDDRACO_,舰长
125,9981158,影陌_inami,舰长
126,8063582,妹子你很不错,舰长
127,14695633,花果山董依依,舰长
128,807,霧珠れいむ,舰长
129,28463040,AaBbCcXxxx,舰长
130,88375022,LAるる,舰长
131,3349214,海洛伊丝_,舰长
132,1595435530,我没有钱我不要脸-8-,舰长
133,15560449,稚面素心,舰长
134,177237329,6枚硬币太贵啦,舰长
135,30288,EPXIVII,舰长
136,278006268,KevinWhiteCloud,舰长
137,880884,ShawwwJune,舰长
138,561565,icemon,舰长
139,51260329,雨林是雫个,舰长
140,3269606,新子憧Official,舰长
141,389297944,C繁,舰长
142,11635383,saojia456,舰长
143,33774103,comenosweetdeath,舰长
144,343781321,るる今天也想吃麦当劳,舰长
145,22748041,cccccccchang,舰长
146,130500,吸管伯爵,舰长
147,289903672,北海こいし,舰长
148,321589,圆神圆神圆,舰长
149,9192610,丿嘲笑,舰长
150,557624,魔菇先生_Official,舰长
151,4983100,Romola7,舰长
152,35853257,C_hdddd,舰长
153,12590566,麵麵麵麵麺,舰长
154,22034735,喜欢猫咪汉堡,舰长
155,129157,臭OTAKU,舰长
156,23194074,大锐啦啦啦,舰长
157,35173225,修行中的大魔法师,舰长
158,6417403,SmartDiffusionAI,舰长
159,14368,赤道上的冰雪,舰长
160,584430,ふゆゆゆゆ,舰长
161,833741,ルリルル,舰长
162,4511000,珊儿在练字,舰长
163,181098204,五没有花肉,舰长
164,2686958,St_CC肄业生,舰长
165,38935852,单推Aimer八年,舰长
166,1310062580,污污污火车,舰长
167,229614,Dima门徒,舰长
168,3107936,Oh-Oh-傲,舰长
169,322078333,有位高手在南方,舰长
170,12332413,霖灶sino,舰长
171,62028,从事国宝工作,舰长
172,1330725,霜月十三,舰长
173,32817258,Jeremy_Chen1015,舰长
174,420206,蟹になりたいね,舰长
175,8052136,cward2,舰长
176,255051,冰丽粒,舰长
177,14648715,Orzhelp,舰长
178,261022316,鲨鱼齿真的很可爱,舰长
179,400038,月饼的胖次,舰长
180,2033725981,独行の苔藓,舰长
181,13922843,XYDSUKILULU,舰长
182,143020238,阿喵er_,舰长
183,1536634,默默闻闻,舰长
184,22383611,口腔溃疡有些多,舰长
185,85629175,Kyokohori,舰长
186,96022292,尼卡路飞,舰长
187,252300422,要学不完了,舰长
188,19134071,我就说一句,舰长
189,44019867,心若依赖,舰长
190,45157077,MJ想粗去玩,舰长
191,8384889,TeiHouisama,舰长
192,385717920,永不黯淡的希望与奇迹,舰长
193,3211305,电池子_Denchiko,舰长
194,21620314,是6000,舰长
195,100954,针针真,舰长
196,314745739,三笘薰Mitoma,舰长
197,12239495,是松糕茉优,舰长
198,54178850,vinli0079,舰长
199,187774,qwe1234r,舰长
200,9216572,雄姿杰出刘左军,舰长
201,23260285,shadowtide_,舰长
202,433121051,Bonekagiyama山骨,舰长
203,13272922,-Suzumiya-,舰长
204,37642757,多西达-喵内,舰长
205,11926855,橙子Ozi,舰长
206,209616,DDDDD_Up,舰长
207,294336,涅梅西斯0x12ef,舰长
208,2592389,stenis,舰长
209,8401533,るる家的小鱼干,舰长
210,544616,s级吊睛白额大虫,舰长
211,12239946,优秀亿点点,舰长
212,3493264447507340,bili_48815403118,舰长
213,19407508,ラビットテール,舰长
214,1734978373,小柔Channel,舰长
215,2775854,灵枢de素问,舰长
216,79141080,神的不在场证明ヽ,舰长
217,121926678,橘挞弟弟,舰长
218,28073696,Lanky-L,舰长
219,489894937,今天也吃炸薯条,舰长
220,3261647,-拉莱耶之梦-,舰长
221,37855803,珈百璃小天使w,舰长
222,226332081,佛狸佛狸大会员,舰长
223,239361804,寂舞空火,舰长
224,1328525,半分幻の時雨,舰长
225,9241824,ze00ro,舰长
226,136271,lovedisabled02,舰长
227,516324369,火锅涮钵钵鸡,舰长
228,46803941,狗吨子_Official,舰长
229,734886,NEETat提不起劲,舰长
230,88508301,大爱新岛真,舰长
231,484666749,桐荫煮酒,舰长
232,438195208,滔神亡命天涯,舰长
233,2408417,水瀬いのり单推人,舰长
234,11646386,雫露露的广东luu民,舰长
235,403033801,哇塞哇賽哇噻哦,舰长
236,39150506,叶藏梦,舰长
237,24575027,想吃炸猪排,舰长
238,88016668,花落人亡雨不知,舰长
239,14086224,赤石东溪,舰长
240,461826,戓或彧戜韯酨,舰长
241,30058610,哔头仔,舰长
242,6226527,駅の海猫,舰长
243,1320740,无双国士,舰长
244,22503937,桐野雪絵,舰长
245,102528280,おっさん_F,舰长
246,12912548,柠檬茶V1tamar1,舰长
247,8191537,AiznRan,舰长
248,21006693,雨下绿绿,舰长
249,69800066,Kinal_Cc,舰长
250,472389312,-Ritto-,舰长
251,226858196,均和墟,舰长
252,11660541,BAOZIFRC,舰长
253,57342957,小呜哈丶,舰长
254,34697293,寿命科学家,舰长
255,271621760,锡纸裤叮叮,舰长
256,48120,アナベル·ガトー,舰长
257,646520899,关注lulu是为了单推lu姐,舰长
258,3493279226137384,阿酒P先生,舰长
259,116384802,渴口-渴乐-,舰长
260,3512816,磁爆线圈X,舰长
261,238689061,硝酸甘油片,舰长
262,8606369,时间不等人i,舰长
263,24429009,作恶多端沙琪玛,舰长
264,2133446,超级边边边边边边,舰长
265,131748300,lim15,舰长
266,5797319,萧萧秋水来,舰长
267,23090364,只有别离三万斛,舰长
268,6846993,る在雫里,舰长
269,12806050,地球球草OoOo,舰长
270,476172397,特泳牛,舰长
271,11085867,ツキ今日も頑張らない,舰长
272,343512,雫るるの麦当劳,舰长
273,3102256,RengeRenge,舰长
274,2978639,哇好棒,舰长
275,9083978,Moony2062,舰长
276,382112687,大乃敌,舰长
277,104247058,早坂ルナサ,舰长
278,473459507,弥漫之谜,舰长
279,9146788,QazS_ちさたき,舰长
280,835752,WhiteDingo302,舰长
281,3346453,爱喝酒的拉菲,舰长
282,310739450,歪歪小豆芽,舰长
283,11730921,PrismAnother,舰长
284,520086002,ロリコンを倒す,舰长
285,2846826,自卑星人,舰长
286,14027526,外外夕,舰长
287,2983,机灵百分百,舰长
288,442255597,抛书人对一枝秋-,舰长
289,445347082,哈哈_VTuber舔狗,舰长
290,258695,真红の稻妻,舰长
291,282968425,一刻鬼泣,舰长
292,279581002,シャーロッT,舰长
293,16786,達也君,舰长
294,406283972,池塘の守护者王小明,舰长
295,3494351076329767,bili_94627355030,舰长
296,24561033,我只要大长腿,舰长
297,11625598,KnYuki,舰长
298,367183171,ll灰尘ll,舰长
299,3690073,yukaalice,舰长
300,3998977,御坂19866号,舰长
301,403373321,熊弟别虫了呀,舰长
302,6415051,山无尽夏,舰长
303,12531240,雫lulu的小可爱,舰长
304,694869,てのりタイガー,舰长
305,4798647,PunkySpectre小小,舰长
306,3204753,羽及息吹,舰长
307,20824771,雨下梧桐灯,舰长
308,434504169,随意一点也没关系,舰长
309,15703047,苏落暮,舰长
310,55072,熊猫幼崽,舰长
311,103307500,肥鲔鱼Verb,舰长
312,3756047,沈的随波逐流,舰长
313,11320660,空白blackness羽月ちいい,舰长
314,357607986,luluのtail,舰长
315,112072928,茶軻陵chuckuna,舰长
316,35511445,idolるるの俘虏,舰长
317,14856630,是韦衣韋,舰长
318,24932393,二二二二二嗷,舰长
319,396615914,妙妙公子2号,舰长
320,6333062,被动声呐,舰长
321,1341490,地上的苍蝇,舰长
322,8257780,老婆是秋元真夏,舰长
323,8551514,迷茫の紫,舰长
324,117557462,熊猫江南1978,舰长
325,343414522,等終等于等明等白,舰长
326,83477564,钐钐shanshan,舰长
327,1548703928,华莱士代言人雫るる,舰长
328,90782376,wzh_67373,舰长
329,11760133,Killy丶,舰长
330,178151396,林三元,舰长
331,34979644,旗下刚刚1V5,舰长
332,427687714,xkhkhd,舰长
333,5878369,ヽBlessing,舰长
334,4316548,椎名真白Mashiro,舰长
335,10188218,赛博るるの帕lu,舰长
336,242071026,inmzyq,舰长
337,382633707,夏露书华,舰长
338,89588,chamats,舰长
339,399950487,我雪之下不高兴,舰长
340,244175613,面向屏幕程序设计,舰长
341,209646,る发冲冠,舰长
342,2965335,_Kazuki_,舰长
343,3493111965681732,葉江途,舰长
344,29939295,Octagram,舰长
345,241286721,雫るる的双翼,舰长
346,517357369,F-yeee,舰长
347,296374750,山庭,舰长
348,178633897,Er-shier,舰长
349,286910762,爱躲猫猫的老王,舰长
350,1642742,唯一不唯一唯一,舰长
351,184584146,Nikulin_尼库林,舰长
352,319738074,太空人天音酱,舰长
353,74165682,Sakura丶丨u,舰长
354,10397091,-Megi-,舰长
355,1980945,Sadot,舰长
356,8001748,桐老爷,舰长
357,7229075,-ROKUMEN-,舰长
358,18059388,mir0_,舰长
359,14765398,黄金雨林,舰长
360,348755834,mypiece,舰长
361,9806874,hhhぴっく,舰长
362,72709,一世风糜,舰长
363,1361979174,lulu二号机,舰长
364,10132639,啊哦呃咦唔吁_,舰长
365,39926265,るる可可爱爱,舰长
366,195286043,四处打晃,舰长
367,301346239,1562121,舰长
368,309519,八九寺熊仔,舰长
369,3955890,AmeKun糖君,舰长
370,142666,Glycinelich,舰长
371,397870647,幻想与小凯M,舰长
372,91620528,渣男送钟鸡,舰长
373,19389459,Fred_ain,舰长
374,480400470,思源湖底躺,舰长
375,392386743,切缘寺礼宾部,舰长
376,874119,dawntook,舰长
377,291394778,空條徐風,舰长
378,1965360509,头上两个牛角包,舰长
379,695283402,玄麦橘柑,舰长
380,7849487,英勇无敌小霸王,舰长
381,198560657,泠泣_,舰长
382,34718085,墨洒竹林,舰长
383,607665,Jackhouse,舰长
384,36774879,昵称什么的是不需要的,舰长
385,14407537,寄寄子__Official,舰长
386,7557699,ドウビちゃん,舰长
387,169101481,几点了还装深情,舰长
388,137380440,无话可嗦OvO,舰长
389,284840101,SteIlaLou,舰长
390,361702012,澄空秋色,舰长
391,7826295,牙钳,舰长
392,6240889,真白エナ,舰长
393,51292062,_19_8x_,舰长
394,252564618,Bluey256,舰长
395,12118511,熊二的火箭头锤,舰长
396,349201,风里笑,舰长
397,140784,麻友天,舰长
398,4123934,一般菠萝,舰长
399,2077077,不知春秋,舰长
400,327483877,アイ尤里里,舰长
401,23140804,涅普我的,舰长
402,42882056,橙与堇,舰长
403,686621044,イカ子,舰长
404,499644822,羅さんです,舰长
405,179630737,PeachOwO,舰长
406,453140891,B-18007,舰长
407,317818131,村舍石子路,舰长
408,95242878,Sophie_Twilight_,舰长
409,390372943,字母ちゃん,舰长
410,12227329,毛是呼噜毛的呼噜毛,舰长
411,350333539,伏灵羲,舰长
412,45210,cm2104,舰长
413,510272958,tttytoe,舰长
414,399038738,Gwyndolins,舰长
415,364820856,猫子饼,舰长
416,27774519,LULU的懒羊羊,舰长
417,2114,-喜欢菫時的人有福了-,舰长
418,58973971,已经是るる的形状了,舰长
419,452668707,广车甲二,舰长
420,1416158,钦赐宝键,舰长
421,26995394,___竹子,舰长
422,30138907,最高占据分子轨道_,舰长
423,22843255,Hatsune Miku,舰长
424,21787435,不屈的超世纪战神,舰长
425,32326389,歪可乐Ycola,舰长
426,515987615,る雫雫_Offcial,舰长
427,176851528,乌贼-欧,舰长
428,20771025,丶majiko,舰长
429,36080395,抗氧剂,舰长
430,4393091,丶Sxsw,舰长
431,19306840,saphyr,舰长
432,363696340,greyer_,舰长
433,15319382,真实der自己,舰长
434,179407322,灿燦canん,舰长
435,431921,kokoro77,舰长
436,24381726,dshjfbj212132,舰长
437,10492633,百鬼Nakiri,舰长
438,416354285,等天晴7,舰长
439,26680167,27岁没有老婆,舰长
440,3546556634499247,芙宁雫,舰长
441,2518325,阿巫毒,舰长
442,395495796,Sofresh-易语,舰长
443,697859224,大海-月亮-星星还有lulu,舰长
444,182819395,weishengod,舰长
445,119004,双葉,舰长
446,252198760,忙着追逐るる的小流星,舰长
447,11782003,阴迦霜日,舰长
448,110931612,扁桃扁桃lu,舰长
449,483310481,云山晴-myt,舰长
450,49618012,比利比利爱基,舰长
451,8628930,天上有个球,舰长
452,164734365,稀茜草,舰长
453,5952123,完废大魔王,舰长
454,353556,苛唆_slnm,舰长
455,39414637,Lancelot_Wang,舰长
456,1493123663,花火怦然绽放,舰长
457,605126235,浮云上的白日梦,舰长
458,1732833056,るるの小天狗,舰长
459,2605011,规则演化,舰长
460,39577839,猪排大虾仁,舰长
461,48028237,怀古思骞,舰长
462,484867029,无非谍影,舰长
463,6619400,百雪公猪,舰长
464,242231172,就是那个那谁,舰长
465,6258158,不知道的不知道君,舰长
466,25269308,初见可爱单推结婚-,舰长
467,475343040,暮雨爱烤鱼,舰长
468,1056997306,異分岐のプリエ,舰长
469,3493146507873056,白日梦想家IxY,舰长
470,137382136,薄菏キャンデ_,舰长
471,302499242,百浪多希,舰长
472,3324602,三千千千千千千,舰长
473,4740643,辛际拉奈,舰长
474,3546392953882730,呜呜呜屁股好痛啊,舰长
475,283614481,Leo_C1,舰长
476,44391596,TES48-Xx,舰长
477,76958508,懒得起名字太麻烦了,舰长
478,1964779,払拭,舰长
479,400348441,逃吧生命,舰长
480,5362944,你们不要太唯心,舰长
481,1732097402,恋恋想吃麦当劳,舰长
482,27238631,栖夜沐雪,舰长
483,1823267545,丹羽菜绪子,舰长
484,33689829,huahua_滑,舰长
485,2085705,第六天喵王,舰长
486,174996987,璃昕超勇的,舰长
487,8052485,Wezzy,舰长
488,54387273,-雷普-,舰长
489,24766294,落樱之琉璃,舰长
490,15236540,空银子,舰长
491,34336037,茫茫茫_,舰长
492,2682543,蜿蜒的火zzz,舰长
493,13358739,沫雫Pena,舰长
494,64229,九重桃白白,舰长
495,177391209,睡着上铺的兄弟,舰长
496,472325947,svenkH,舰长
497,435641102,准时不早退的奶神,舰长
498,666596721,掐住露露的头左右摇摆,舰长
499,38076879,Z-Official_,舰长
500,251034,真红の月,舰长
501,19883599,臭蟹hinhin,舰长
502,650564645,Altas_R,舰长
503,3546626960394392,永远的EightySix,舰长
504,8037155,画心竹,舰长
505,499553830,一只小堇七吖,舰长
506,281755009,庭下言葉,舰长
507,8927506,nonnon゛,舰长
508,37606563,节奏大师桃桃,舰长
509,3493121822296774,bili_44284004606,舰长
510,24071612,Enterprise_VS_6,舰长
511,355124171,parptine,舰长
512,66240430,向往p_,舰长
513,3218,黑肉VTuber,舰长
514,56170137,消食导滞前鳞鯔,舰长
515,285109999,打雷打雷哒,舰长
516,408051398,袁季遙,舰长
517,35888329,沐殇千歌,舰长
518,2258842,魂泉,舰长
519,86282266,longer_o,舰长
520,6090594,F丿akdguio,舰长
521,100938820,雫るる一定要快乐,舰长
522,31684892,滑稽·,舰长
523,249639883,只有两小时的假期,舰长
524,199866189,新心痕,舰长
525,507290070,8686868686868600,舰长
526,9203206,萌新A酱,舰长
527,2116580,子猫の正夢,舰长
528,74123550,不是花生的华笙,舰长
529,175947898,二凤快到碗里来,舰长
530,34876722,4_kani,舰长
531,17045704,一る向晚,舰长
532,194782,蓝莓牛乳史莱姆,舰长
533,214392739,仲商贰肆,舰长
534,395107,ZerglingG,舰长
535,5631938,我不系dd系单推,舰长
536,46498777,Aimerすき,舰长
537,11806662,纯良lulu民喵,舰长
538,133449,胖老墨,舰长
539,396895,雨小月_,舰长
540,540954,KM Five,舰长
541,677362317,皮皮阿牛123,舰长
542,17950400,夜雨云霞,舰长
543,305331,人民币君,舰长
544,36707512,卿水华,舰长
545,427068965,初心为嫖,舰长
546,5074092,闻人过,舰长
547,3493273454774576,ZaireEmery,舰长
548,570718,Elan-,舰长
549,361089346,犬玉客,舰长
550,239364380,愚桎,舰长
551,399784195,第五希言,舰长
552,12684343,实乃梨的幽灵,舰长
553,7185804,番薯比红薯大,舰长
554,35962184,碧蓝北原,舰长
555,29631,阿良々木　火憐,舰长
556,10707858,爱喵的狗主子,舰长
557,102903392,雀有点痒,舰长
558,87857163,高性能干饭机器人,舰长
559,680082,铃科白朴,舰长
560,37442604,璀璨丶时空,舰长
561,354092229,言午山高る,舰长
562,307781900,老实憨厚的るる,舰长
563,371382030,悄然离去的枫,舰长
564,402570715,何_求,舰长
565,39824515,杀酱大胜利,舰长
566,390531879,姜贝子,舰长
567,3842249,吃西瓜光吐籽,舰长
568,3546616302668722,绿水鬼_本物,舰长
569,24721623,阳成,舰长
570,233925060,啥都想吃一口-,舰长
571,19940843,Sugarless__,舰长
572,19324119,冷色冰红茶,舰长
573,12578332,哇_是牛魔,舰长
574,12397057,老板麻烦来杯红茶,舰长
575,123175261,o琪崽,舰长
576,22143055,OnlyXy,舰长
577,1391911,辣舞小青,舰长
578,25988126,3加1K,舰长
579,49761150,欧阳叶月,舰长
580,314433439,るる的门牙,舰长
581,4581,genmst,舰长
582,5568175,王八蛋兔Angel,舰长
583,873894,合縁奇縁一期一会,舰长
584,47201729,蚀燁要呼呼,舰长
585,22341218,当时我就不乐意丶,舰长
586,7687259,翻翻鱼_Official,舰长
587,1379119611,十年不散丶终生相伴,舰长
588,27992816,木头0513,舰长
589,1628062915,上班摸鱼看直播的小正,舰长
590,49658796,这个人很懒QVQ,舰长
591,259223250,一口一瓶冰阔落,舰长
592,13275950,酢椒豆腐,舰长
593,38680864,咕呱老d,舰长
594,32360707,16767676,舰长
595,455092489,桂花露银耳羹,舰长
596,796627,究极啤酒鱼,舰长
597,470934410,寂冷tlc,舰长
598,98898408,SymboI_,舰长
599,444161885,末痕つ,舰长
600,347544,丨岛村卯月丨,舰长
601,944876,0o一缕悠云o0,舰长
602,77319566,beat-gouzi,舰长
603,6135958,angrysao,舰长
604,519466119,sashimi-yzh,舰长
605,434829405,呆毛永不败北,舰长
606,2497619,戏谑之言,舰长
607,32340631,nanekl,舰长
608,8975142,NamelessMaster,舰长
609,32147060,Exci-Ted,舰长
610,17445739,爱喝可口可乐的鱼,舰长
611,369669636,小飞柱酱,舰长
612,356831226,万象零,舰长
613,16654234,7ki7ki姜姜,舰长
614,12801170,惭愧波板糖zzZ,舰长
615,72967883,不起眼的火花,舰长
616,397155895,爱打工的人,舰长
617,345711683,之雩,舰长
618,137013134,日向醤,舰长
619,630767428,工藤新一cccc,舰长
620,302292843,小_魚___,舰长
621,76671901,纠结应该叫什么,舰长
622,5108274,VJ_Rainie,舰长
623,487140602,睡觉好心情,舰长
624,6164781,NTesla,舰长
625,7614436,奇木卡卡,舰长
626,1848067729,乌米大帝umi,舰长
627,32520609,プロゲーマー小る,舰长
628,291483562,胖哒拥拥来耶,舰长
629,1267857394,一行琉璃小可爱,舰长
630,26171137,吸脂裤今天吔下头,舰长
631,388305809,Life_is_sh0rt,舰长
632,37019808,椎名心美,舰长
633,17367850,男儿当只揪,舰长
634,5856140,丶Gevin,舰长
635,255913582,星野源さん,舰长
636,162981250,12FordFiesta,舰长
637,1062749548,RyotaroQVQ,舰长
638,197477933,鹿初雪_,舰长
639,604019379,杌然_,舰长
640,2762975,kisslovesen,舰长
641,1277,伊楠,舰长
642,61540953,二刺螈的大爹,舰长
643,5868967,吃咸鱼的33,舰长
644,152129768,MaxwellYQ,舰长
645,365454,哔哔小梓3000,舰长
646,170170943,一只污锋,舰长
647,3546558964435297,空谷凡花,舰长
648,323806338,前男友app,舰长
649,1333657022,零零幺杠幺,舰长
650,9108591,Mithriill,舰长
651,15852203,小短腿的无奈,舰长
652,446274307,Makoto_Yuki_,舰长
653,276933192,凉凉的秋天-,舰长
654,252063177,Misaka--Misaka,舰长
655,91465765,吃不下的狮酱,舰长
656,3494362705038299,寀01,舰长
657,454575785,bili_62834408073,舰长
658,1928729,ナナ_君,舰长
659,1353743,ZZZucker,舰长
660,1316787,丰川祥子_Smile,舰长
661,11015165,Belphegor9,舰长
662,444189831,额这emmm,舰长
663,428258195,开香槟好耶,舰长
664,1982743623,已经寄了的必胜客,舰长
665,1947055529,kuroko可爱,舰长
666,1379763,wfm,舰长
667,280455957,抱走我家四糸乃,舰长
668,456728755,红豆泥OoO,舰长
669,2107051,一个框框一个A,舰长
670,522062315,冷月空空,舰长
671,34809891,最后的鬼面兽,舰长
672,1565663,生为静止,舰长
673,95814125,一剑刺刺刺,舰长
674,74064420,夜黜Rois,舰长
675,7347300,DiD°,舰长
676,684516,冰岛上追极光,舰长
677,5892014,Fancy喵大魔王,舰长
678,588821401,自宅警备员lulu,舰长
679,504583229,灰绒帽,舰长
680,499471021,追梦的毛毛,舰长
681,479170180,Yuisumi,舰长
682,43710101,48638,舰长
683,37086494,特大份薯条,舰长
684,3546626442398409,_原神领域大神_,舰长
685,3493122300446724,satin_black,舰长
686,344604062,Hypocial,舰长
687,289414397,请叫我朝武将臣,舰长
688,282132117,咲夜奈,舰长
689,2000726737,白河の悠月,舰长
690,154162892,天翔浅,舰长
691,11224499,ブリキ丶,舰长
692,10967898,今天给长月寄刀片了嘛,舰长
693,359431220,晚枫0218,舰长
694,12888797,傳說中滴廣東熊貓,舰长
695,334493707,gudao_chan,舰长
696,318968698,龙纹黑卡,舰长
697,164801471,好想吃蛋炒饭QAQ,舰长
698,1470569,弑君体em,舰长
699,146781932,Asuka7丶,舰长
700,934982,叶忆雪,舰长
701,90,東方猎,舰长
702,8391008,2G超线性,舰长
703,8054277,纯洁善良的小二,舰长
704,74145606,烛光一,舰长
705,650681868,平平无奇兔懒惰,舰长
706,64491342,帅龙比,舰长
707,52915869,达不溜-W,舰长
708,520530812,无能的风云幻觉,舰长
709,520403092,EE-47,舰长
710,5029836,maro0,舰长
711,501159979,天梦无眠,舰长
712,45631312,夏高朙,舰长
713,443201914,㴇囐䶪沝,舰长
714,43740730,泥头车创翻e切,舰长
715,428330350,柠吹想恰糖,舰长
716,4145593,哈哈火神,舰长
717,40915966,过氧桥键,舰长
718,38423278,洋山芋的梦想,舰长
719,382253903,茫茫の芒,舰长
720,357092837,Yuki零号机,舰长
721,3546640432498800,牛杂卷不动,舰长
722,3546629047061248,悲伤之雨p,舰长
723,349711559,74090476650_bili,舰长
724,313480500,诗长庚,舰长
725,309242953,夜空予梦,舰长
726,291091464,齐小浪-,舰长
727,28075024,On1aX,舰长
728,2465149,小只因炖金针菇,舰长
729,23100020,雫奶油,舰长
730,224517680,萤石之愿,舰长
731,19948,小洋XY,舰长
732,193360,海ちゃん_難波愛,舰长
733,1892709326,日安呐噜噜,舰长
734,1871238,眠眠不听话,舰长
735,1852224482,紫菜鹿,舰长
736,178579254,溅人就是矫情-,舰长
737,1688159840,漓邃,舰长
738,1526021312,不看虚拟主播了,舰长
739,14502773,阿柒乄,舰长
740,134803061,魔法少女乃琳,舰长
741,1304296047,芷云呀,舰长
742,11475115,似水一方,舰长
743,11044775,大爱仙尊88,舰长
744,109887250,水果挺甜,舰长
745,1061036518,edible9094,舰长